rowkey,name,age
1,user1,50
2,user2,35
3,user3,55
4,user4,28
5,user5,39
6,user6,34
7,user7,27
8,user8,20
9,user9,54
10,user10,48
11,user11,12
12,user12,42
13,user13,36
14,user14,51
15,user15,28
16,user16,32
17,user17,60
18,user18,37
19,user19,56
20,user20,23
21,user21,33
22,user22,55
23,user23,25
24,user24,30
25,user25,29
26,user26,46
27,user27,51
28,user28,24
29,user29,18
30,user30,46
31,user31,11
32,user32,47
33,user33,18
34,user34,18
35,user35,36
36,user36,55
37,user37,45
38,user38,50
39,user39,40
40,user40,56
41,user41,28
42,user42,12
43,user43,16
44,user44,11
45,user45,12
46,user46,18
47,user47,22
48,user48,60
49,user49,59
50,user50,14
51,user51,31
52,user52,39
53,user53,44
54,user54,28
55,user55,48
56,user56,53
57,user57,12
58,user58,51
59,user59,26
60,user60,41
61,user61,49
62,user62,40
63,user63,29
64,user64,38
65,user65,24
66,user66,48
67,user67,52
68,user68,44
69,user69,26
70,user70,39
71,user71,30
72,user72,19
73,user73,47
74,user74,29
75,user75,47
76,user76,24
77,user77,11
78,user78,56
79,user79,51
80,user80,54
81,user81,33
82,user82,18
83,user83,27
84,user84,30
85,user85,38
86,user86,16
87,user87,38
88,user88,44
89,user89,47
90,user90,16
91,user91,34
92,user92,48
93,user93,22
94,user94,16
95,user95,36
96,user96,17
97,user97,52
98,user98,18
99,user99,57
100,user100,33
101,user101,39
102,user102,12
103,user103,59
104,user104,17
105,user105,51
106,user106,25
107,user107,38
108,user108,22
109,user109,38
110,user110,45
111,user111,30
112,user112,16
113,user113,20
114,user114,33
115,user115,14
116,user116,28
117,user117,37
118,user118,33
119,user119,56
120,user120,15
121,user121,55
122,user122,33
123,user123,23
124,user124,21
125,user125,31
126,user126,30
127,user127,30
128,user128,53
129,user129,37
130,user130,36
131,user131,49
132,user132,25
133,user133,57
134,user134,44
135,user135,24
136,user136,44
137,user137,30
138,user138,53
139,user139,43
140,user140,28
141,user141,30
142,user142,20
143,user143,58
144,user144,54
145,user145,58
146,user146,14
147,user147,36
148,user148,46
149,user149,45
150,user150,23
151,user151,28
152,user152,21
153,user153,60
154,user154,38
155,user155,54
156,user156,52
157,user157,50
158,user158,38
159,user159,40
160,user160,25
161,user161,35
162,user162,11
163,user163,25
164,user164,49
165,user165,50
166,user166,37
167,user167,26
168,user168,25
169,user169,44
170,user170,23
171,user171,38
172,user172,17
173,user173,26
174,user174,17
175,user175,12
176,user176,31
177,user177,39
178,user178,28
179,user179,17
180,user180,44
181,user181,16
182,user182,50
183,user183,18
184,user184,15
185,user185,10
186,user186,18
187,user187,44
188,user188,58
189,user189,42
190,user190,49
191,user191,35
192,user192,36
193,user193,48
194,user194,58
195,user195,53
196,user196,37
197,user197,35
198,user198,39
199,user199,36
200,user200,56
201,user201,28
202,user202,53
203,user203,23
204,user204,27
205,user205,14
206,user206,29
207,user207,34
208,user208,18
209,user209,46
210,user210,29
211,user211,48
212,user212,51
213,user213,22
214,user214,50
215,user215,12
216,user216,31
217,user217,50
218,user218,53
219,user219,16
220,user220,51
221,user221,13
222,user222,18
223,user223,26
224,user224,56
225,user225,25
226,user226,48
227,user227,32
228,user228,26
229,user229,37
230,user230,24
231,user231,43
232,user232,49
233,user233,37
234,user234,55
235,user235,52
236,user236,55
237,user237,44
238,user238,10
239,user239,38
240,user240,42
241,user241,15
242,user242,13
243,user243,30
244,user244,39
245,user245,59
246,user246,48
247,user247,38
248,user248,28
249,user249,35
250,user250,56
251,user251,20
252,user252,16
253,user253,40
254,user254,16
255,user255,35
256,user256,53
257,user257,19
258,user258,23
259,user259,40
260,user260,31
261,user261,18
262,user262,57
263,user263,40
264,user264,44
265,user265,42
266,user266,54
267,user267,14
268,user268,60
269,user269,31
270,user270,56
271,user271,29
272,user272,11
273,user273,42
274,user274,13
275,user275,45
276,user276,18
277,user277,38
278,user278,28
279,user279,16
280,user280,19
281,user281,34
282,user282,52
283,user283,13
284,user284,28
285,user285,42
286,user286,10
287,user287,25
288,user288,51
289,user289,13
290,user290,14
291,user291,58
292,user292,40
293,user293,60
294,user294,42
295,user295,48
296,user296,16
297,user297,35
298,user298,55
299,user299,56
300,user300,22
301,user301,30
302,user302,55
303,user303,27
304,user304,56
305,user305,41
306,user306,39
307,user307,50
308,user308,48
309,user309,35
310,user310,29
311,user311,43
312,user312,53
313,user313,11
314,user314,42
315,user315,27
316,user316,43
317,user317,56
318,user318,31
319,user319,20
320,user320,43
321,user321,51
322,user322,17
323,user323,46
324,user324,54
325,user325,45
326,user326,24
327,user327,52
328,user328,60
329,user329,55
330,user330,41
331,user331,36
332,user332,53
333,user333,54
334,user334,48
335,user335,25
336,user336,22
337,user337,32
338,user338,26
339,user339,21
340,user340,24
341,user341,21
342,user342,10
343,user343,32
344,user344,53
345,user345,16
346,user346,47
347,user347,51
348,user348,32
349,user349,37
350,user350,55
351,user351,28
352,user352,39
353,user353,14
354,user354,45
355,user355,34
356,user356,33
357,user357,58
358,user358,55
359,user359,49
360,user360,35
361,user361,60
362,user362,50
363,user363,31
364,user364,16
365,user365,43
366,user366,39
367,user367,25
368,user368,31
369,user369,11
370,user370,42
371,user371,54
372,user372,12
373,user373,49
374,user374,20
375,user375,26
376,user376,10
377,user377,38
378,user378,48
379,user379,35
380,user380,22
381,user381,17
382,user382,41
383,user383,47
384,user384,46
385,user385,29
386,user386,48
387,user387,44
388,user388,57
389,user389,27
390,user390,45
391,user391,13
392,user392,23
393,user393,50
394,user394,33
395,user395,27
396,user396,33
397,user397,58
398,user398,16
399,user399,56
400,user400,30
401,user401,30
402,user402,22
403,user403,43
404,user404,35
405,user405,41
406,user406,37
407,user407,31
408,user408,45
409,user409,30
410,user410,35
411,user411,51
412,user412,38
413,user413,10
414,user414,43
415,user415,40
416,user416,39
417,user417,18
418,user418,12
419,user419,45
420,user420,34
421,user421,31
422,user422,41
423,user423,35
424,user424,60
425,user425,36
426,user426,35
427,user427,32
428,user428,58
429,user429,46
430,user430,22
431,user431,37
432,user432,39
433,user433,59
434,user434,22
435,user435,57
436,user436,17
437,user437,55
438,user438,54
439,user439,22
440,user440,34
441,user441,32
442,user442,35
443,user443,31
444,user444,19
445,user445,21
446,user446,11
447,user447,40
448,user448,27
449,user449,52
450,user450,43
451,user451,16
452,user452,28
453,user453,58
454,user454,28
455,user455,50
456,user456,22
457,user457,11
458,user458,42
459,user459,46
460,user460,54
461,user461,22
462,user462,55
463,user463,13
464,user464,46
465,user465,53
466,user466,54
467,user467,52
468,user468,15
469,user469,32
470,user470,45
471,user471,33
472,user472,54
473,user473,40
474,user474,20
475,user475,30
476,user476,28
477,user477,40
478,user478,51
479,user479,35
480,user480,22
481,user481,16
482,user482,47
483,user483,59
484,user484,55
485,user485,48
486,user486,29
487,user487,22
488,user488,58
489,user489,15
490,user490,59
491,user491,57
492,user492,37
493,user493,15
494,user494,46
495,user495,44
496,user496,18
497,user497,42
498,user498,31
499,user499,26
500,user500,48
501,user501,51
502,user502,44
503,user503,13
504,user504,30
505,user505,60
506,user506,60
507,user507,56
508,user508,36
509,user509,45
510,user510,26
511,user511,26
512,user512,18
513,user513,57
514,user514,15
515,user515,36
516,user516,14
517,user517,11
518,user518,39
519,user519,40
520,user520,24
521,user521,35
522,user522,53
523,user523,57
524,user524,27
525,user525,36
526,user526,51
527,user527,28
528,user528,58
529,user529,43
530,user530,16
531,user531,48
532,user532,59
533,user533,32
534,user534,49
535,user535,59
536,user536,39
537,user537,48
